id,title,content
intro,THPJ診断とは,"THPJ診断は、あなたの内面を多角的に解析する新感覚診断です。複数の質問に答えることで、計16種類のタイプのうちの一つに分類され、あなたの性格や行動パターンを明らかにします。最新のAI解析と徹底した作問により、従来の診断ツールが抱える再現性の低さを克服し、信頼性の高い結果と具体的なアドバイスを提供します。"
features,診断の特徴,"THPJ診断は、高度なAI解析とデータ統計、多層的な評価、統計的検証により、信頼性と再現性を実現しています。専門家による徹底的な作問と構成、ランダム性の導入により、回答者の本来の傾向を正確に引き出します。個別の成長戦略や行動指針を提供し、自己理解と実践的な改善に役立つアドバイスを提示します。"
axes,診断軸,"THPJ診断は4つの軸に基づいて評価されます。<br>
1. 刺激性 vs 誘発性：自ら行動を起こすか、環境の刺激に反応するか。<br>
2. 収集 vs 推論：具体的な情報を丹念に集めるか、限られた情報から直感的に判断するか。<br>
3. 論理性 vs 妥当性：客観的なデータと理論に基づく判断を行うか、経験や状況に基づいた柔軟な判断をするか。<br>
4. 秩序 vs 自由：計画性や組織力を重視するか、柔軟性と創造性を重んじるか。"
types,16タイプの詳細な特徴,"【ESTJ】 - 刺激性が強く、現実的な情報を収集し、論理的判断と秩序ある行動をとるリーダータイプ。現場での迅速な問題解決に優れる。<br>
【ESTP】 - 刺激性と実践力に優れ、現場で即断即決する行動派。柔軟な対応で突発的な問題にも迅速に対処。<br>
【ESFJ】 - 人とのコミュニケーションを大切にし、具体的な情報に基づいた妥当な判断で調和を重んじる。コミュニティでの調整役に長ける。<br>
【ESFP】 - 明るく社交的で、感情に寄り添った判断を行いながら、自由な発想と柔軟な行動で場を盛り上げるムードメーカー。<br>
【ENTJ】 - 刺激性と推論力を武器に、戦略的かつ計画的に組織の変革を推進するリーダー。論理性と秩序を重視。<br>
【ENTP】 - 革新的なアイディアと柔軟な思考で新たな可能性を模索する創造的なタイプ。論理性と自由な発想を併せ持つ。<br>
【ENFJ】 - 人を巻き込み、直感と妥当性に基づいた判断でチームをまとめる指導者。明確なビジョンと計画で周囲に影響。<br>
【ENFP】 - 情熱的で創造性にあふれ、直感を活かして未来の可能性を追求するタイプ。感情に寄り添い、自由な発想で新たな価値を創造。<br>
【ISTJ】 - 誘発性を持ちながら、現実的なデータと事実を重んじる堅実なタイプ。計画と秩序を大切にし、信頼性の高い結果を出す。<br>
【ISTP】 - 実践的な判断と柔軟な対応力を持ち、現場での迅速な問題解決に優れるタイプ。論理性と自由な発想が特徴。<br>
【ISFJ】 - 温かみのある対応と細部までの配慮を特徴とし、実情に即した妥当な判断を下す。伝統と秩序を守りながら安心感を提供。<br>
【ISFP】 - 芸術的な感性と独自の表現力を持ち、内面的な感受性を大切にするタイプ。柔軟な判断と自由な発想で自己実現を追求。<br>
【INTJ】 - 内省と推論を通じた戦略的思考により、論理性と秩序ある計画で未来を切り拓くタイプ。長期的なビジョンを持つ。<br>
【INTP】 - 革新的なアイディアと徹底した論理分析により、複雑な問題を解決する知的タイプ。柔軟なアプローチで新たな発見を促す。<br>
【INFJ】 - 深い洞察力と直感を活かし、人間関係や未来の可能性を見極めるタイプ。妥当性を重んじ、調和ある環境作りに寄与。<br>
【INFP】 - 理想と感受性を大切にし、内面的なビジョンに従って自己表現を行うタイプ。柔軟で自由な発想が特徴となる."
flow,診断の流れ,"THPJ診断は、初回の簡易質問から始まり、詳細な質問へと進みます。各質問は4つの軸に基づいてあなたの性格傾向を解析し、最新のAIと統計的検証により、確実な結果を導き出します。最終的に、あなたのタイプに合わせた具体的なアドバイスが提示されます。"
faq,よくある質問,"Q: 診断結果の信頼性はどの程度ですか？<br>
A: 厳選された質問と高度なAI解析により、再現性と統計的有意性を確保しています。<br><br>
Q: 診断結果は日常生活でどう活かせますか？<br>
A: キャリア、対人関係、自己成長など、具体的な行動指針として役立ちます。<br><br>
Q: 質問に迷った場合はどうすればよいですか？<br>
A: 直感に従って回答してください。疑問があればFAQやサポートをご利用ください。"
